{
  "logs" : [ {
    "correlationId" : "94241542-95d1-4b8c-81ee-4a5cf8fa1f83",
    "eventype" : "CreateOrder",
    "timestamp" : 1.759315294750201E9,
    "itemIds" : [ 1, 2 ],
    "quantity" : [ 1, 1 ],
    "clientid" : 2,
    "amount" : 170
  }, {
    "correlationid" : "94241542-95d1-4b8c-81ee-4a5cf8fa1f83",
    "eventype" : "FinalizeOrder",
    "timestamp" : 1.7593152957684104E9,
    "order_id" : 40
  }, {
    "correlationId" : "386ac063-631b-44ab-abf5-f1339a8cd541",
    "eventype" : "CreateOrder",
    "timestamp" : 1.7593153197746968E9,
    "itemIds" : [ 1, 2 ],
    "quantity" : [ 1, 1 ],
    "clientid" : 3,
    "amount" : 170
  } ]
}